created,start_date,end_date,projects
04 июля 2023 в 14:52,05 июл 2023,07 июл 2023,логотип
06 июля 2023 в 16:21,06 июл 2023,07 июл 2023,чат-бот
06 июля 2023 в 00:41,06 июл 2023,07 июл 2023,логотип
06 июля 2023 в 12:51,06 июл 2023,07 июл 2023,визитка
07 июля 2023 в 03:01,07 июл 2023,07 июл 2023,facebook
06 июля 2023 в 01:21,06 июл 2023,07 июл 2023,inst
02 июля 2023 в 21:21,02 июл 2023,06 июл 2023,inst
03 июля 2023 в 19:01,03 июл 2023,06 июл 2023,логотип
06 июля 2023 в 07:41,06 июл 2023,06 июл 2023,логотип
05 июля 2023 в 14:01,05 июл 2023,06 июл 2023,чат-бот
06 июля 2023 в 15:31,06 июл 2023,06 июл 2023,создание_сайта
03 июля 2023 в 14:01,03 июл 2023,06 июл 2023,inst
05 июля 2023 в 20:52,06 июл 2023,06 июл 2023,facebook
05 июля 2023 в 19:31,06 июл 2023,06 июл 2023,facebook
05 июля 2023 в 14:40,05 июл 2023,06 июл 2023,чат-бот
30 июня 2023 в 21:01,01 июл 2023,03 июл 2023,чат-бот
03 июля 2023 в 19:21,03 июл 2023,03 июл 2023,facebook
01 июля 2023 в 10:10,02 июл 2023,03 июл 2023,чат-бот
03 июля 2023 в 19:01,03 июл 2023,03 июл 2023,создание_сайта
03 июля 2023 в 12:10,03 июл 2023,03 июл 2023,facebook
03 июля 2023 в 16:51,03 июл 2023,03 июл 2023,создание_сайта
03 июля 2023 в 13:41,03 июл 2023,03 июл 2023,создание_сайта
03 июля 2023 в 14:01,03 июл 2023,03 июл 2023,создание_сайта
03 июля 2023 в 08:21,03 июл 2023,03 июл 2023,логотип
02 июля 2023 в 23:31,02 июл 2023,05 июл 2023,баннер
05 июля 2023 в 14:41,05 июл 2023,05 июл 2023,facebook
05 июля 2023 в 15:11,05 июл 2023,05 июл 2023,создание_сайта
05 июля 2023 в 14:00,05 июл 2023,05 июл 2023,facebook
04 июля 2023 в 17:22,05 июл 2023,05 июл 2023,чат-бот
04 июля 2023 в 14:51,05 июл 2023,05 июл 2023,чат-бот
03 июля 2023 в 21:20,03 июл 2023,05 июл 2023,VK
05 июля 2023 в 13:10,05 июл 2023,05 июл 2023,facebook
05 июля 2023 в 11:21,05 июл 2023,05 июл 2023,создание_сайта
02 июля 2023 в 22:40,03 июл 2023,05 июл 2023,логотип
04 июля 2023 в 17:41,05 июл 2023,05 июл 2023,создание_сайта
04 июля 2023 в 22:41,05 июл 2023,05 июл 2023,создание_сайта
03 июля 2023 в 16:51,03 июл 2023,05 июл 2023,логотип
04 июля 2023 в 15:21,05 июл 2023,05 июл 2023,facebook
01 июля 2023 в 18:21,02 июл 2023,05 июл 2023,логотип
01 июля 2023 в 20:21,02 июл 2023,05 июл 2023,логотип
04 июля 2023 в 14:01,05 июл 2023,05 июл 2023,создание_сайта
04 июля 2023 в 05:11,04 июл 2023,05 июл 2023,логотип
04 июля 2023 в 13:21,05 июл 2023,05 июл 2023,facebook
04 июля 2023 в 12:31,05 июл 2023,05 июл 2023,facebook
01 июля 2023 в 22:11,02 июл 2023,02 июл 2023,чат-бот
29 июня 2023 в 19:00,30 июн 2023,02 июл 2023,логотип
02 июля 2023 в 11:50,02 июл 2023,02 июл 2023,facebook
02 июля 2023 в 13:50,02 июл 2023,02 июл 2023,facebook
01 июля 2023 в 15:10,02 июл 2023,02 июл 2023,создание_сайта
01 июля 2023 в 16:11,02 июл 2023,02 июл 2023,facebook
02 июля 2023 в 22:41,02 июл 2023,02 июл 2023,создание_сайта
01 июля 2023 в 14:21,02 июл 2023,02 июл 2023,логотип
30 июня 2023 в 21:00,01 июл 2023,02 июл 2023,логотип
30 июня 2023 в 15:30,01 июл 2023,02 июл 2023,логотип
02 июля 2023 в 23:01,02 июл 2023,02 июл 2023,создание_сайта
30 июня 2023 в 17:21,01 июл 2023,02 июл 2023,логотип
29 июня 2023 в 08:50,30 июн 2023,02 июл 2023,логотип
02 июля 2023 в 18:50,02 июл 2023,02 июл 2023,facebook
04 июля 2023 в 10:01,04 июл 2023,04 июл 2023,создание_сайта
01 июля 2023 в 01:41,01 июл 2023,04 июл 2023,логотип
04 июля 2023 в 01:20,04 июл 2023,04 июл 2023,создание_сайта
02 июля 2023 в 17:50,02 июл 2023,04 июл 2023,логотип
03 июля 2023 в 20:11,03 июл 2023,04 июл 2023,inst
03 июля 2023 в 20:51,04 июл 2023,04 июл 2023,facebook
02 июля 2023 в 22:21,02 июл 2023,04 июл 2023,VK
29 июня 2023 в 10:21,30 июн 2023,01 июл 2023,логотип
28 июня 2023 в 07:51,28 июн 2023,30 июн 2023,логотип
29 июня 2023 в 15:30,30 июн 2023,30 июн 2023,facebook
27 июня 2023 в 18:52,28 июн 2023,30 июн 2023,чат-бот
30 июня 2023 в 10:21,30 июн 2023,30 июн 2023,facebook
28 июня 2023 в 18:21,29 июн 2023,30 июн 2023,логотип
29 июня 2023 в 21:01,30 июн 2023,30 июн 2023,создание_сайта
28 июня 2023 в 21:00,29 июн 2023,30 июн 2023,чат-бот
28 июня 2023 в 14:01,29 июн 2023,30 июн 2023,чат-бот
30 июня 2023 в 10:51,30 июн 2023,30 июн 2023,facebook
26 июня 2023 в 00:21,26 июн 2023,30 июн 2023,чат-бот
29 июня 2023 в 15:51,30 июн 2023,30 июн 2023,создание_сайта
29 июня 2023 в 10:20,30 июн 2023,30 июн 2023,facebook
25 июня 2023 в 01:00,25 июн 2023,29 июн 2023,чат-бот
28 июня 2023 в 23:21,29 июн 2023,29 июн 2023,facebook
27 июня 2023 в 22:31,28 июн 2023,29 июн 2023,логотип
27 июня 2023 в 20:41,28 июн 2023,29 июн 2023,чат-бот
28 июня 2023 в 14:41,29 июн 2023,29 июн 2023,facebook
28 июня 2023 в 10:11,28 июн 2023,28 июн 2023,создание_сайта
27 июня 2023 в 20:21,28 июн 2023,28 июн 2023,создание_сайта
27 июня 2023 в 18:31,28 июн 2023,28 июн 2023,создание_сайта
25 июня 2023 в 13:00,26 июн 2023,28 июн 2023,логотип
27 июня 2023 в 23:31,28 июн 2023,28 июн 2023,создание_сайта
26 июня 2023 в 19:50,27 июн 2023,28 июн 2023,чат-бот
22 июня 2023 в 12:51,23 июн 2023,28 июн 2023,логотип
27 июня 2023 в 10:00,27 июн 2023,27 июн 2023,создание_сайта
27 июня 2023 в 17:20,27 июн 2023,27 июн 2023,создание_сайта
27 июня 2023 в 16:31,27 июн 2023,27 июн 2023,создание_сайта
26 июня 2023 в 23:31,27 июн 2023,27 июн 2023,создание_сайта
26 июня 2023 в 22:21,27 июн 2023,27 июн 2023,создание_сайта
27 июня 2023 в 14:31,27 июн 2023,27 июн 2023,чат-бот
25 июня 2023 в 14:30,26 июн 2023,27 июн 2023,логотип
26 июня 2023 в 00:41,26 июн 2023,27 июн 2023,чат-бот
27 июня 2023 в 11:01,27 июн 2023,27 июн 2023,создание_сайта
26 июня 2023 в 21:01,27 июн 2023,27 июн 2023,создание_сайта
27 июня 2023 в 14:51,27 июн 2023,27 июн 2023,создание_сайта
27 июня 2023 в 07:40,27 июн 2023,27 июн 2023,создание_сайта
27 июня 2023 в 14:21,27 июн 2023,27 июн 2023,создание_сайта
26 июня 2023 в 22:01,26 июн 2023,29 июн 2023,VK
25 июня 2023 в 21:01,26 июн 2023,26 июн 2023,facebook
26 июня 2023 в 17:21,26 июн 2023,26 июн 2023,чат-бот
26 июня 2023 в 19:11,26 июн 2023,26 июн 2023,создание_сайта
26 июня 2023 в 19:11,26 июн 2023,26 июн 2023,чат-бот
26 июня 2023 в 16:50,26 июн 2023,26 июн 2023,создание_сайта
26 июня 2023 в 12:50,26 июн 2023,26 июн 2023,создание_сайта
26 июня 2023 в 16:20,26 июн 2023,26 июн 2023,чат-бот
26 июня 2023 в 16:30,26 июн 2023,26 июн 2023,создание_сайта
26 июня 2023 в 11:50,26 июн 2023,26 июн 2023,создание_сайта
25 июня 2023 в 18:21,26 июн 2023,26 июн 2023,создание_сайта
25 июня 2023 в 13:50,26 июн 2023,26 июн 2023,чат-бот
26 июня 2023 в 17:31,26 июн 2023,26 июн 2023,создание_сайта
26 июня 2023 в 16:00,26 июн 2023,26 июн 2023,создание_сайта
25 июня 2023 в 01:20,25 июн 2023,26 июн 2023,чат-бот
25 июня 2023 в 11:00,25 июн 2023,25 июн 2023,facebook
24 июня 2023 в 22:30,25 июн 2023,25 июн 2023,facebook
23 июня 2023 в 19:30,24 июн 2023,25 июн 2023,чат-бот
24 июня 2023 в 18:40,25 июн 2023,25 июн 2023,facebook
24 июня 2023 в 03:00,24 июн 2023,25 июн 2023,чат-бот
23 июня 2023 в 15:50,24 июн 2023,25 июн 2023,чат-бот
24 июня 2023 в 18:41,25 июн 2023,25 июн 2023,facebook
24 июня 2023 в 02:40,24 июн 2023,25 июн 2023,логотип
22 июня 2023 в 17:00,23 июн 2023,24 июн 2023,логотип
22 июня 2023 в 18:51,23 июн 2023,24 июн 2023,чат-бот
23 июня 2023 в 02:11,23 июн 2023,24 июн 2023,логотип
21 июня 2023 в 13:00,22 июн 2023,24 июн 2023,логотип
24 июня 2023 в 11:20,24 июн 2023,24 июн 2023,facebook
23 июня 2023 в 12:20,24 июн 2023,24 июн 2023,facebook
24 июня 2023 в 09:00,24 июн 2023,24 июн 2023,создание_сайта
24 июня 2023 в 11:20,24 июн 2023,24 июн 2023,facebook
21 июня 2023 в 23:21,22 июн 2023,24 июн 2023,логотип
22 июня 2023 в 20:20,23 июн 2023,24 июн 2023,логотип
22 июня 2023 в 16:20,23 июн 2023,24 июн 2023,логотип
22 июня 2023 в 18:21,23 июн 2023,23 июн 2023,создание_сайта
20 июня 2023 в 01:01,20 июн 2023,23 июн 2023,логотип
22 июня 2023 в 21:21,22 июн 2023,22 июн 2023,facebook
21 июня 2023 в 16:21,22 июн 2023,22 июн 2023,чат-бот
22 июня 2023 в 15:21,22 июн 2023,22 июн 2023,facebook
21 июня 2023 в 13:40,22 июн 2023,22 июн 2023,facebook
20 июня 2023 в 00:20,20 июн 2023,22 июн 2023,логотип
18 июня 2023 в 19:52,19 июн 2023,22 июн 2023,логотип
20 июня 2023 в 01:01,20 июн 2023,22 июн 2023,логотип
15 июня 2023 в 12:51,16 июн 2023,22 июн 2023,логотип
20 июня 2023 в 18:41,21 июн 2023,22 июн 2023,логотип
22 июня 2023 в 15:11,22 июн 2023,22 июн 2023,facebook
22 июня 2023 в 17:21,22 июн 2023,22 июн 2023,facebook
19 июня 2023 в 21:30,19 июн 2023,22 июн 2023,логотип
21 июня 2023 в 17:41,22 июн 2023,22 июн 2023,чат-бот
22 июня 2023 в 22:42,22 июн 2023,22 июн 2023,facebook
22 июня 2023 в 14:11,22 июн 2023,22 июн 2023,facebook
19 июня 2023 в 12:20,19 июн 2023,21 июн 2023,логотип
19 июня 2023 в 12:30,19 июн 2023,21 июн 2023,чат-бот
21 июня 2023 в 03:20,21 июн 2023,21 июн 2023,создание_сайта
20 июня 2023 в 16:00,20 июн 2023,20 июн 2023,создание_сайта
19 июня 2023 в 11:50,19 июн 2023,19 июн 2023,создание_сайта
19 июня 2023 в 15:50,19 июн 2023,19 июн 2023,создание_сайта
18 июня 2023 в 22:51,19 июн 2023,19 июн 2023,создание_сайта
19 июня 2023 в 17:20,19 июн 2023,19 июн 2023,создание_сайта
16 июня 2023 в 20:51,17 июн 2023,18 июн 2023,логотип
17 июня 2023 в 13:21,18 июн 2023,18 июн 2023,facebook
18 июня 2023 в 13:31,18 июн 2023,18 июн 2023,facebook
18 июня 2023 в 17:41,18 июн 2023,18 июн 2023,facebook
16 июня 2023 в 10:51,16 июн 2023,18 июн 2023,логотип
18 июня 2023 в 16:31,18 июн 2023,18 июн 2023,создание_сайта
16 июня 2023 в 22:21,17 июн 2023,17 июн 2023,создание_сайта
16 июня 2023 в 14:51,17 июн 2023,17 июн 2023,facebook
15 июня 2023 в 16:21,16 июн 2023,17 июн 2023,создание_сайта
16 июня 2023 в 08:10,16 июн 2023,17 июн 2023,чат-бот
15 июня 2023 в 18:52,16 июн 2023,17 июн 2023,логотип
15 июня 2023 в 22:11,16 июн 2023,16 июн 2023,логотип
16 июня 2023 в 07:30,16 июн 2023,16 июн 2023,создание_сайта
